ID,Neuropathology,TotalTau,RisoformRatio,STPTAEDVTAPLVDEGAPGK,GAAPPGQK,TPPAPK,TPPSSGEPPK,SGYSSPGSPGTPGSR,SRTPSLPTPPTREPK,LQTAPVPMPDLK,IGSTENLK,VQIINKK,KLDLSNVQSK,IGSLDNITHVPGGGNKK,AKTDHGAEIVYK,SPVVSGDTSPR
,,2N4R@1-441,4R3R@1-441,2N@68-87,2N4R@156-163,2N4R@175-180,2N4R@181-190,2N4R@195-209,2N4R@210-224,2N4R@243-254,2N4R@260-267,2N4R@275-281_VQIINKK,4R@281-290,2N4R@354-370_IGSLDNITHVPGGGNKK,2N4R@384-395,2N4R@396-406_SPVVSGDTSPR
,,2N4R@1-441_TotalTau,4R3R@1-441_Ratio,2N@68-87_STPTAEDVTAPLVDEGAPGK,2N4R@156-163_GAAPPGQK,2N4R@175-180_TPPAPK,2N4R@181-190_TPPSSGEPPK,2N4R@195-209_SGYSSPGSPGTPGSR,2N4R@210-224_SRTPSLPTPPTREPK,2N4R@243-254_LQTAPVPMPDLK,2N4R@260-267_IGSTENLK,2N4R@275-281_VQIINKK,4R@281-290_KLDLSNVQSK,2N4R@354-370_IGSLDNITHVPGGGNKK,2N4R@384-395_AKTDHGAEIVYK,2N4R@396-406_SPVVSGDTSPR
AD_MeanDecreaseGini ,AD,5.580021059,0.830387922,4.786796351,1.42674661,0.801977604,2.486604273,5.213944054,3.222381601,0.522346534,6.808454243,2.972807365,3.333101004,1.117689793,2.43608647,3.436742073
CBD_MeanDecreaseGini ,CBD,0.507214286,3.225498749,0.492082828,1.429179273,0.68749057,0.26045858,2.915160186,1.480842094,0.503061661,2.851604069,10.40771511,6.954201759,2.32194277,1.140196193,0.563077899
CTE_MeanDecreaseGini ,CTE,0.609808636,1.598833806,1.429521902,0.15,0.309072682,4.60465255,0.327880342,0.906328533,0.837410898,2.15380585,0.243659674,1.784232767,6.120693095,1.271875861,0.4735
CTR_MeanDecreaseGini ,CTR,3.294323763,1.497945279,4.914953529,6.43610825,0.645636798,1.06907048,2.918857901,1.891091959,0.924582693,0.943882206,0.964473263,2.558517,0.669444444,6.361835944,2.307960704
PiD_MeanDecreaseGini ,PiD,1.142079349,1.657881744,1.631005625,0.601126821,0.617510254,1.670346893,1.111866541,1.332813147,1.30065584,1.121651308,1.137847238,0.571857966,1.802475215,0.833087305,0.376366183
PSP_MeanDecreaseGini ,PSP,0.585861837,3.025276507,2.903662718,2.375653755,1.226605934,2.159295069,3.575925481,2.961210897,2.722431068,4.168018233,4.674182905,3.97008035,2.596890639,2.633284976,3.867175187
